,dataset,n_classes,n_features,n_samples,classifier,mc,test_fold,acc,exec_time
0,dataset4,2,2.0,700,sdsa_knn,0,0,0.8428571428571429,0.5106334686279297
1,dataset4,2,2.0,700,sdsa_knn,0,1,0.7428571428571429,0.504533052444458
2,dataset4,2,2.0,700,sdsa_knn,0,2,0.7428571428571429,0.5010089874267578
3,dataset4,2,2.0,700,sdsa_knn,0,3,0.6,0.5028939247131348
4,dataset4,2,2.0,700,sdsa_knn,0,4,0.7571428571428571,0.497586727142334
5,dataset4,2,2.0,700,sdsa_knn,0,5,0.7714285714285715,0.4890310764312744
6,dataset4,2,2.0,700,sdsa_knn,0,6,0.6857142857142857,0.495694637298584
7,dataset4,2,2.0,700,sdsa_knn,0,7,0.7428571428571429,0.4911386966705322
8,dataset4,2,2.0,700,sdsa_knn,0,8,0.8571428571428571,0.5269370079040527
9,dataset4,2,2.0,700,sdsa_knn,0,9,0.8142857142857143,0.4988892078399658
